feature,name,lb,ub
0,fixed acidity,0.0,1.0
1,volatile acidity,0.0,1.0
2,citric acid,0.0,1.0
3,residual sugar,0.0,0.9931506849315068
4,chlorides,0.0,1.0
5,free sulfur dioxide,0.0,0.943661971830986
6,total sulfur dioxide,0.0,1.0
7,density,0.0,1.0
8,pH,0.0,0.9133858267716533
9,sulphates,0.0359281437125748,1.0
10,alcohol,0.0,1.0000000000000002
